id;fecha;genero;paginas;titulo
1;36345;grey Fresh;24929;Shoes Greens
2;67067;relationships;92355;Canada Handcrafted
3;71316;applications e-markets microchip;10458;Jewelery Delaware content-based
4;39194;Bedfordshire;34134;Towels bottom-line transmitter
5;15914;orange;23347;Data Belize model
6;25375;EXE Norway Pennsylvania;16633;Mission transmitting system
7;928;interface;64788;Iranian Rial deposit
8;33044;white;19461;bluetooth Lempira
9;21732;gold withdrawal;71874;Tools invoice alarm
10;66093;Direct;45926;Buckinghamshire Product
