id;nombre;apellido;dni
1;Ergonomic contextually-based Trace;Avon Illinois uniform;5662
2;United States of America Benin;Managed grow Berkshire;59201
3;transmitting Fantastic feed;backing up;16816
4;deliverables Borders;alliance;4277
5;Facilitator Practical Fresh Gloves;salmon world-class Consultant;73068
6;global help-desk;ROI;11935
7;Principal;Customer-focused;62944
8;TCP CFP Franc;withdrawal indexing;36539
9;Marketing Bouvet Island (Bouvetoya) generating;initiative;22836
10;Consultant e-tailers;Metal;28125
